,0,1,2,3,4
0,REQUEST: the request is wrong.,STATUS: number of digits or incorrect status number.,,,
1,SIZE: invalid literal for int() with base 10: '&&*',,,,
2,IP: @#¨% has not 4 parts.,DATE: time data '#$' does not match format '%d/%b/%Y:%H:%M:%S %z',REQUEST: the request is wrong.,STATUS: number of digits or incorrect status number.,SIZE: invalid literal for int() with base 10: '&&*'
3,DATE: time data '#$' does not match format '%d/%b/%Y:%H:%M:%S %z',STATUS: number of digits or incorrect status number.,SIZE: invalid literal for int() with base 10: '%%',,
4,DATE: time data '@#¨%' does not match format '%d/%b/%Y:%H:%M:%S %z',REQUEST: the request is wrong.,,,
5,STATUS: invalid literal for int() with base 10: '&&*',,,,
6,DATE: time data '@#¨%' does not match format '%d/%b/%Y:%H:%M:%S %z',,,,
7,DATE: time data '#$' does not match format '%d/%b/%Y:%H:%M:%S %z',,,,
8,IP: @#¨% has not 4 parts.,DATE: time data '%%' does not match format '%d/%b/%Y:%H:%M:%S %z',REQUEST: the request is wrong.,STATUS: number of digits or incorrect status number.,SIZE: invalid literal for int() with base 10: '&&*'
9,IP: %% has not 4 parts.,,,,
10,IP: %% has not 4 parts.,,,,
11,SIZE: invalid literal for int() with base 10: '@#¨%',,,,
12,IP: @#¨% has not 4 parts.,REQUEST: the request is wrong.,,,
13,IP: %% has not 4 parts.,REQUEST: the request is wrong.,STATUS: number of digits or incorrect status number.,SIZE: invalid literal for int() with base 10: '&&*',
14,IP: #$ has not 4 parts.,REQUEST: the request is wrong.,,,
15,REQUEST: the request is wrong.,,,,
16,SIZE: invalid literal for int() with base 10: '@#¨%',,,,
17,DATE: time data '&&*' does not match format '%d/%b/%Y:%H:%M:%S %z',REQUEST: the request is wrong.,SIZE: invalid literal for int() with base 10: '#$',,
18,IP: @#¨% has not 4 parts.,SIZE: invalid literal for int() with base 10: '@#¨%',,,
19,DATE: time data '&&*' does not match format '%d/%b/%Y:%H:%M:%S %z',REQUEST: the request is wrong.,,,
20,IP: @#¨% has not 4 parts.,REQUEST: the request is wrong.,SIZE: invalid literal for int() with base 10: '&&*',,
21,DATE: time data '&&*' does not match format '%d/%b/%Y:%H:%M:%S %z',REQUEST: the request is wrong.,STATUS: invalid literal for int() with base 10: '&&*',,
22,IP: #$ has not 4 parts.,DATE: time data '&&*' does not match format '%d/%b/%Y:%H:%M:%S %z',REQUEST: the request is wrong.,STATUS: number of digits or incorrect status number.,SIZE: invalid literal for int() with base 10: '@#¨%'
23,IP: &&* has not 4 parts.,DATE: time data '%%' does not match format '%d/%b/%Y:%H:%M:%S %z',REQUEST: the request is wrong.,,
24,IP: &&* has not 4 parts.,,,,
25,REQUEST: the request is wrong.,,,,
26,STATUS: number of digits or incorrect status number.,SIZE: invalid literal for int() with base 10: '%%',,,
27,IP: &&* has not 4 parts.,REQUEST: the request is wrong.,,,
28,DATE: time data '%%' does not match format '%d/%b/%Y:%H:%M:%S %z',REQUEST: the request is wrong.,STATUS: number of digits or incorrect status number.,,
29,IP: &&* has not 4 parts.,STATUS: number of digits or incorrect status number.,SIZE: invalid literal for int() with base 10: '#$',,
30,DATE: time data '%%' does not match format '%d/%b/%Y:%H:%M:%S %z',STATUS: number of digits or incorrect status number.,,,
31,REQUEST: the request is wrong.,,,,
32,IP: &&* has not 4 parts.,DATE: time data '%%' does not match format '%d/%b/%Y:%H:%M:%S %z',REQUEST: the request is wrong.,STATUS: number of digits or incorrect status number.,SIZE: invalid literal for int() with base 10: '@#¨%'
33,REQUEST: the request is wrong.,,,,
34,DATE: time data '#$' does not match format '%d/%b/%Y:%H:%M:%S %z',REQUEST: the request is wrong.,SIZE: invalid literal for int() with base 10: '%%',,
35,IP: @#¨% has not 4 parts.,DATE: time data '&&*' does not match format '%d/%b/%Y:%H:%M:%S %z',STATUS: number of digits or incorrect status number.,,
36,IP: %% has not 4 parts.,DATE: time data '&&*' does not match format '%d/%b/%Y:%H:%M:%S %z',REQUEST: the request is wrong.,,
37,IP: &&* has not 4 parts.,STATUS: number of digits or incorrect status number.,SIZE: invalid literal for int() with base 10: '#$',,
38,STATUS: invalid literal for int() with base 10: '&&*',SIZE: invalid literal for int() with base 10: '%%',,,
39,DATE: time data '&&*' does not match format '%d/%b/%Y:%H:%M:%S %z',REQUEST: the request is wrong.,,,
40,IP: @#¨% has not 4 parts.,DATE: time data '%%' does not match format '%d/%b/%Y:%H:%M:%S %z',REQUEST: the request is wrong.,STATUS: number of digits or incorrect status number.,
41,IP: @#¨% has not 4 parts.,DATE: time data '%%' does not match format '%d/%b/%Y:%H:%M:%S %z',REQUEST: the request is wrong.,STATUS: number of digits or incorrect status number.,SIZE: invalid literal for int() with base 10: '&&*'
42,STATUS: invalid literal for int() with base 10: '&&*',SIZE: invalid literal for int() with base 10: '#$',,,
43,DATE: time data '%%' does not match format '%d/%b/%Y:%H:%M:%S %z',REQUEST: the request is wrong.,SIZE: invalid literal for int() with base 10: '&&*',,
44,IP: #$ has not 4 parts.,,,,
45,STATUS: invalid literal for int() with base 10: '&&*',,,,
46,IP: %% has not 4 parts.,,,,
47,IP: %% has not 4 parts.,DATE: time data '#$' does not match format '%d/%b/%Y:%H:%M:%S %z',REQUEST: the request is wrong.,STATUS: number of digits or incorrect status number.,SIZE: invalid literal for int() with base 10: '@#¨%'
48,DATE: time data '%%' does not match format '%d/%b/%Y:%H:%M:%S %z',,,,
49,DATE: time data '%%' does not match format '%d/%b/%Y:%H:%M:%S %z',,,,
50,DATE: time data '#$' does not match format '%d/%b/%Y:%H:%M:%S %z',STATUS: invalid literal for int() with base 10: '&&*',SIZE: invalid literal for int() with base 10: '%%',,
51,REQUEST: the request is wrong.,STATUS: number of digits or incorrect status number.,SIZE: invalid literal for int() with base 10: '@#¨%',,
52,REQUEST: the request is wrong.,,,,
53,REQUEST: the request is wrong.,SIZE: invalid literal for int() with base 10: '%%',,,
54,SIZE: invalid literal for int() with base 10: '#$',,,,
55,REQUEST: the request is wrong.,,,,
56,REQUEST: the request is wrong.,,,,
57,IP: %% has not 4 parts.,SIZE: invalid literal for int() with base 10: '@#¨%',,,
58,STATUS: number of digits or incorrect status number.,,,,
59,REQUEST: the request is wrong.,SIZE: invalid literal for int() with base 10: '%%',,,
60,STATUS: number of digits or incorrect status number.,SIZE: invalid literal for int() with base 10: '#$',,,
61,IP: @#¨% has not 4 parts.,SIZE: invalid literal for int() with base 10: '@#¨%',,,
62,IP: %% has not 4 parts.,REQUEST: the request is wrong.,STATUS: number of digits or incorrect status number.,,
63,IP: #$ has not 4 parts.,,,,
64,IP: %% has not 4 parts.,,,,
65,DATE: time data '@#¨%' does not match format '%d/%b/%Y:%H:%M:%S %z',,,,
66,DATE: time data '@#¨%' does not match format '%d/%b/%Y:%H:%M:%S %z',REQUEST: the request is wrong.,STATUS: number of digits or incorrect status number.,SIZE: invalid literal for int() with base 10: '%%',
67,REQUEST: the request is wrong.,,,,
68,DATE: time data '#$' does not match format '%d/%b/%Y:%H:%M:%S %z',REQUEST: the request is wrong.,SIZE: invalid literal for int() with base 10: '#$',,
69,IP: @#¨% has not 4 parts.,,,,
70,STATUS: number of digits or incorrect status number.,,,,
71,IP: %% has not 4 parts.,DATE: time data '&&*' does not match format '%d/%b/%Y:%H:%M:%S %z',REQUEST: the request is wrong.,SIZE: invalid literal for int() with base 10: '%%',
72,IP: &&* has not 4 parts.,STATUS: number of digits or incorrect status number.,,,
73,DATE: time data '&&*' does not match format '%d/%b/%Y:%H:%M:%S %z',,,,
74,IP: &&* has not 4 parts.,DATE: time data '%%' does not match format '%d/%b/%Y:%H:%M:%S %z',REQUEST: the request is wrong.,STATUS: number of digits or incorrect status number.,SIZE: invalid literal for int() with base 10: '#$'
75,STATUS: number of digits or incorrect status number.,SIZE: invalid literal for int() with base 10: '&&*',,,
76,IP: %% has not 4 parts.,DATE: time data '%%' does not match format '%d/%b/%Y:%H:%M:%S %z',,,
77,IP: @#¨% has not 4 parts.,DATE: time data '&&*' does not match format '%d/%b/%Y:%H:%M:%S %z',,,
78,IP: #$ has not 4 parts.,,,,
79,IP: &&* has not 4 parts.,REQUEST: the request is wrong.,STATUS: number of digits or incorrect status number.,SIZE: invalid literal for int() with base 10: '%%',
80,IP: @#¨% has not 4 parts.,DATE: time data '#$' does not match format '%d/%b/%Y:%H:%M:%S %z',REQUEST: the request is wrong.,STATUS: number of digits or incorrect status number.,SIZE: invalid literal for int() with base 10: '#$'
81,REQUEST: the request is wrong.,,,,
82,DATE: time data '@#¨%' does not match format '%d/%b/%Y:%H:%M:%S %z',,,,
83,IP: %% has not 4 parts.,DATE: time data '#$' does not match format '%d/%b/%Y:%H:%M:%S %z',REQUEST: the request is wrong.,SIZE: invalid literal for int() with base 10: '#$',
84,IP: @#¨% has not 4 parts.,REQUEST: the request is wrong.,STATUS: number of digits or incorrect status number.,,
85,DATE: time data '&&*' does not match format '%d/%b/%Y:%H:%M:%S %z',,,,
86,IP: @#¨% has not 4 parts.,STATUS: number of digits or incorrect status number.,,,
87,STATUS: invalid literal for int() with base 10: '&&*',,,,
88,IP: @#¨% has not 4 parts.,DATE: time data '#$' does not match format '%d/%b/%Y:%H:%M:%S %z',SIZE: invalid literal for int() with base 10: '#$',,
89,DATE: time data '%%' does not match format '%d/%b/%Y:%H:%M:%S %z',REQUEST: the request is wrong.,SIZE: invalid literal for int() with base 10: '%%',,
90,DATE: time data '&&*' does not match format '%d/%b/%Y:%H:%M:%S %z',REQUEST: the request is wrong.,,,
91,DATE: time data '@#¨%' does not match format '%d/%b/%Y:%H:%M:%S %z',REQUEST: the request is wrong.,STATUS: number of digits or incorrect status number.,SIZE: invalid literal for int() with base 10: '&&*',
92,SIZE: invalid literal for int() with base 10: '@#¨%',,,,
93,SIZE: invalid literal for int() with base 10: '%%',,,,
94,DATE: time data '&&*' does not match format '%d/%b/%Y:%H:%M:%S %z',REQUEST: the request is wrong.,SIZE: invalid literal for int() with base 10: '#$',,
95,IP: %% has not 4 parts.,DATE: time data '&&*' does not match format '%d/%b/%Y:%H:%M:%S %z',REQUEST: the request is wrong.,SIZE: invalid literal for int() with base 10: '@#¨%',
96,IP: %% has not 4 parts.,REQUEST: the request is wrong.,STATUS: number of digits or incorrect status number.,,
97,DATE: time data '#$' does not match format '%d/%b/%Y:%H:%M:%S %z',,,,
98,REQUEST: the request is wrong.,,,,
99,DATE: time data '&&*' does not match format '%d/%b/%Y:%H:%M:%S %z',STATUS: number of digits or incorrect status number.,,,
100,DATE: time data '@#¨%' does not match format '%d/%b/%Y:%H:%M:%S %z',SIZE: invalid literal for int() with base 10: '&&*',,,
101,DATE: time data '&&*' does not match format '%d/%b/%Y:%H:%M:%S %z',,,,
102,SIZE: invalid literal for int() with base 10: '@#¨%',,,,
103,IP: %% has not 4 parts.,STATUS: number of digits or incorrect status number.,,,
104,REQUEST: the request is wrong.,,,,
105,SIZE: invalid literal for int() with base 10: '#$',,,,
106,IP: @#¨% has not 4 parts.,DATE: time data '&&*' does not match format '%d/%b/%Y:%H:%M:%S %z',SIZE: invalid literal for int() with base 10: '#$',,
107,REQUEST: the request is wrong.,,,,
108,STATUS: number of digits or incorrect status number.,,,,
109,DATE: time data '%%' does not match format '%d/%b/%Y:%H:%M:%S %z',REQUEST: the request is wrong.,STATUS: number of digits or incorrect status number.,SIZE: invalid literal for int() with base 10: '&&*',
110,IP: #$ has not 4 parts.,,,,
111,IP: #$ has not 4 parts.,,,,
112,DATE: time data '%%' does not match format '%d/%b/%Y:%H:%M:%S %z',SIZE: invalid literal for int() with base 10: '@#¨%',,,
113,REQUEST: the request is wrong.,,,,
114,DATE: time data '&&*' does not match format '%d/%b/%Y:%H:%M:%S %z',,,,
115,IP: #$ has not 4 parts.,DATE: time data '%%' does not match format '%d/%b/%Y:%H:%M:%S %z',REQUEST: the request is wrong.,SIZE: invalid literal for int() with base 10: '&&*',
116,DATE: time data '#$' does not match format '%d/%b/%Y:%H:%M:%S %z',STATUS: invalid literal for int() with base 10: '&&*',,,
117,DATE: time data '@#¨%' does not match format '%d/%b/%Y:%H:%M:%S %z',REQUEST: the request is wrong.,,,
118,DATE: time data '&&*' does not match format '%d/%b/%Y:%H:%M:%S %z',STATUS: number of digits or incorrect status number.,SIZE: invalid literal for int() with base 10: '%%',,
119,IP: &&* has not 4 parts.,REQUEST: the request is wrong.,,,
120,IP: &&* has not 4 parts.,DATE: time data '#$' does not match format '%d/%b/%Y:%H:%M:%S %z',REQUEST: the request is wrong.,SIZE: invalid literal for int() with base 10: '%%',
121,STATUS: number of digits or incorrect status number.,,,,
122,IP: &&* has not 4 parts.,DATE: time data '&&*' does not match format '%d/%b/%Y:%H:%M:%S %z',SIZE: invalid literal for int() with base 10: '#$',,
123,STATUS: invalid literal for int() with base 10: '&&*',,,,
124,IP: #$ has not 4 parts.,DATE: time data '@#¨%' does not match format '%d/%b/%Y:%H:%M:%S %z',REQUEST: the request is wrong.,STATUS: number of digits or incorrect status number.,SIZE: invalid literal for int() with base 10: '&&*'
125,DATE: time data '%%' does not match format '%d/%b/%Y:%H:%M:%S %z',REQUEST: the request is wrong.,STATUS: invalid literal for int() with base 10: '&&*',SIZE: invalid literal for int() with base 10: '%%',
126,IP: @#¨% has not 4 parts.,REQUEST: the request is wrong.,,,
127,DATE: time data '@#¨%' does not match format '%d/%b/%Y:%H:%M:%S %z',REQUEST: the request is wrong.,STATUS: invalid literal for int() with base 10: '&&*',,
128,SIZE: invalid literal for int() with base 10: '%%',,,,
129,REQUEST: the request is wrong.,SIZE: invalid literal for int() with base 10: '&&*',,,
130,DATE: time data '@#¨%' does not match format '%d/%b/%Y:%H:%M:%S %z',,,,
131,IP: &&* has not 4 parts.,DATE: time data '#$' does not match format '%d/%b/%Y:%H:%M:%S %z',REQUEST: the request is wrong.,STATUS: number of digits or incorrect status number.,SIZE: invalid literal for int() with base 10: '%%'
132,IP: #$ has not 4 parts.,STATUS: number of digits or incorrect status number.,SIZE: invalid literal for int() with base 10: '&&*',,
133,DATE: time data '#$' does not match format '%d/%b/%Y:%H:%M:%S %z',REQUEST: the request is wrong.,,,
134,REQUEST: the request is wrong.,SIZE: invalid literal for int() with base 10: '%%',,,
135,IP: %% has not 4 parts.,,,,
136,DATE: time data '%%' does not match format '%d/%b/%Y:%H:%M:%S %z',,,,
137,STATUS: number of digits or incorrect status number.,SIZE: invalid literal for int() with base 10: '#$',,,
138,IP: #$ has not 4 parts.,,,,
139,STATUS: invalid literal for int() with base 10: '&&*',,,,
140,IP: @#¨% has not 4 parts.,DATE: time data '&&*' does not match format '%d/%b/%Y:%H:%M:%S %z',REQUEST: the request is wrong.,STATUS: number of digits or incorrect status number.,
141,STATUS: number of digits or incorrect status number.,,,,
142,IP: &&* has not 4 parts.,DATE: time data '&&*' does not match format '%d/%b/%Y:%H:%M:%S %z',REQUEST: the request is wrong.,SIZE: invalid literal for int() with base 10: '#$',
143,REQUEST: the request is wrong.,STATUS: invalid literal for int() with base 10: '&&*',SIZE: invalid literal for int() with base 10: '#$',,
144,STATUS: number of digits or incorrect status number.,,,,
145,DATE: time data '#$' does not match format '%d/%b/%Y:%H:%M:%S %z',REQUEST: the request is wrong.,,,
146,REQUEST: the request is wrong.,,,,
147,DATE: time data '&&*' does not match format '%d/%b/%Y:%H:%M:%S %z',REQUEST: the request is wrong.,STATUS: number of digits or incorrect status number.,,
148,IP: &&* has not 4 parts.,REQUEST: the request is wrong.,,,
149,DATE: time data '&&*' does not match format '%d/%b/%Y:%H:%M:%S %z',,,,
150,DATE: time data '@#¨%' does not match format '%d/%b/%Y:%H:%M:%S %z',,,,
151,STATUS: number of digits or incorrect status number.,,,,
152,IP: &&* has not 4 parts.,STATUS: invalid literal for int() with base 10: '&&*',SIZE: invalid literal for int() with base 10: '&&*',,
153,IP: #$ has not 4 parts.,DATE: time data '@#¨%' does not match format '%d/%b/%Y:%H:%M:%S %z',REQUEST: the request is wrong.,,
154,IP: @#¨% has not 4 parts.,DATE: time data '@#¨%' does not match format '%d/%b/%Y:%H:%M:%S %z',REQUEST: the request is wrong.,STATUS: number of digits or incorrect status number.,SIZE: invalid literal for int() with base 10: '#$'
155,IP: @#¨% has not 4 parts.,REQUEST: the request is wrong.,STATUS: number of digits or incorrect status number.,SIZE: invalid literal for int() with base 10: '&&*',
156,DATE: time data '&&*' does not match format '%d/%b/%Y:%H:%M:%S %z',REQUEST: the request is wrong.,,,
157,DATE: time data '%%' does not match format '%d/%b/%Y:%H:%M:%S %z',REQUEST: the request is wrong.,STATUS: number of digits or incorrect status number.,,
158,IP: @#¨% has not 4 parts.,,,,
159,DATE: time data '@#¨%' does not match format '%d/%b/%Y:%H:%M:%S %z',,,,
160,IP: &&* has not 4 parts.,REQUEST: the request is wrong.,STATUS: number of digits or incorrect status number.,SIZE: invalid literal for int() with base 10: '%%',
161,REQUEST: the request is wrong.,,,,
162,DATE: time data '@#¨%' does not match format '%d/%b/%Y:%H:%M:%S %z',REQUEST: the request is wrong.,,,
163,IP: @#¨% has not 4 parts.,DATE: time data '#$' does not match format '%d/%b/%Y:%H:%M:%S %z',,,
164,IP: &&* has not 4 parts.,DATE: time data '&&*' does not match format '%d/%b/%Y:%H:%M:%S %z',,,
165,STATUS: number of digits or incorrect status number.,,,,
166,REQUEST: the request is wrong.,,,,
167,REQUEST: the request is wrong.,STATUS: number of digits or incorrect status number.,SIZE: invalid literal for int() with base 10: '@#¨%',,
168,DATE: time data '%%' does not match format '%d/%b/%Y:%H:%M:%S %z',REQUEST: the request is wrong.,STATUS: invalid literal for int() with base 10: '&&*',,
169,IP: @#¨% has not 4 parts.,,,,
170,IP: #$ has not 4 parts.,REQUEST: the request is wrong.,,,
171,SIZE: invalid literal for int() with base 10: '@#¨%',,,,
172,IP: &&* has not 4 parts.,STATUS: number of digits or incorrect status number.,,,
173,DATE: time data '#$' does not match format '%d/%b/%Y:%H:%M:%S %z',REQUEST: the request is wrong.,SIZE: invalid literal for int() with base 10: '%%',,
174,IP: @#¨% has not 4 parts.,STATUS: number of digits or incorrect status number.,SIZE: invalid literal for int() with base 10: '&&*',,
175,DATE: time data '@#¨%' does not match format '%d/%b/%Y:%H:%M:%S %z',SIZE: invalid literal for int() with base 10: '#$',,,
176,IP: #$ has not 4 parts.,SIZE: invalid literal for int() with base 10: '#$',,,
177,DATE: time data '&&*' does not match format '%d/%b/%Y:%H:%M:%S %z',REQUEST: the request is wrong.,STATUS: number of digits or incorrect status number.,SIZE: invalid literal for int() with base 10: '#$',
178,STATUS: invalid literal for int() with base 10: '&&*',SIZE: invalid literal for int() with base 10: '&&*',,,
179,IP: %% has not 4 parts.,,,,
180,IP: @#¨% has not 4 parts.,REQUEST: the request is wrong.,STATUS: invalid literal for int() with base 10: '&&*',,
181,DATE: time data '&&*' does not match format '%d/%b/%Y:%H:%M:%S %z',REQUEST: the request is wrong.,STATUS: number of digits or incorrect status number.,,
182,REQUEST: the request is wrong.,,,,
183,IP: &&* has not 4 parts.,DATE: time data '#$' does not match format '%d/%b/%Y:%H:%M:%S %z',,,
184,IP: #$ has not 4 parts.,DATE: time data '%%' does not match format '%d/%b/%Y:%H:%M:%S %z',REQUEST: the request is wrong.,STATUS: invalid literal for int() with base 10: '&&*',SIZE: invalid literal for int() with base 10: '@#¨%'
185,IP: @#¨% has not 4 parts.,DATE: time data '#$' does not match format '%d/%b/%Y:%H:%M:%S %z',REQUEST: the request is wrong.,STATUS: number of digits or incorrect status number.,SIZE: invalid literal for int() with base 10: '%%'
